CALENDAR_DAY,NMI,IMPORT_EXPORT,0000,0030,0100,0130,0200,0230,0300,0330,0400,0430,0500,0530,0600,0630,0700,0730,0800,0830,0900,0930,1000,1030,1100,1130,1200,1230,1300,1330,1400,1430,1500,1530,1600,1630,1700,1730,1800,1830,1900,1930,2000,2030,2100,2130,2200,2230,2300,2330
20130301,80010000111,IMPORT_KWH,12.492,11.272,11.836,10.028,10.212,10.256,10.044,9.876,9.92,9.7,10.34,11.54,14.284,17.092,16.152,16.26,17.128,19.372,19.488,19.428,20.4,20.124,21.348,22.7,23.608,23.528,25.928,27.036,27.98,26.204,23.724,20.292,20.576,18.628,16.684,16.42,14.204,12.728,13.812,12.048,11.544,10.872,10.436,10.14,9.64,11.212,10.388,9.728
20130301,80010000127,IMPORT_KWH,33.888,35.712,35.056,35.472,35.408,35.2,43.312,42.832,43.456,43.168,43.376,43.072,92.72,96.48,111.2,115.296,125.36,142,140.384,153.728,148.144,152.752,154.352,153.808,154.72,158.064,159.12,165.632,165.904,165.472,162.864,163.152,160.096,151.216,110.576,107.264,46.656,53.008,39.536,38.88,41.248,39.152,38.56,37.632,36.64,36.944,36.416,36.624
20130301,80010000151,IMPORT_KWH,9.12,9.112,9.128,9.212,14,16.644,14.612,12.6,12.948,14.892,14.808,13.808,7.48,5.888,6.332,2.392,2.224,0.884,0.92,1.564,0.984,1.012,0.996,1.776,1.588,1.16,3.736,1.916,2.472,1.124,1.112,1.268,1.656,1.512,1.728,1.66,1.58,3.16,8.852,11.32,11.212,10.432,9.584,10.144,9.736,9.456,9.192,9.096
20130301,80010000340,IMPORT_KWH,33.648,40.384,40.48,40.784,29.504,17.232,6.928,5.44,0.672,0.288,0.304,0.304,8.736,8.544,11.088,8.736,8.656,10.064,8.72,8.736,20.624,20.384,10.128,10.56,10.704,8.8,5.776,5.776,6.032,5.792,5.824,5.824,6.16,7.312,5.808,5.824,0.72,0.304,2.4,3.392,3.44,3.344,3.376,3.392,3.424,12.528,19.904,19.776
20130301,80010000548,IMPORT_KWH,19.32,18.268,19.756,18.228,20.012,19.392,19.352,19.468,19.18,20.296,19.74,19.128,14.46,14.256,20.976,19.704,22.072,21.912,21.82,22.516,22.308,24.584,24.924,24.752,27.212,25.372,24.12,24.724,25.236,25.02,24.248,23.104,25.536,25.392,23.336,23.708,22.184,22.612,28.352,22.88,23.076,22.42,20.772,18.66,17.248,16.504,14.724,13.616
20130301,80010000621,IMPORT_KWH,3.388,3.172,3.604,3.708,3.436,3.42,2.54,4.048,3.508,3.684,5.672,6.308,6.06,5.944,7.456,9.572,11.316,9.66,9.944,9.512,7.512,8.876,7.916,9.112,9.876,9.288,11.28,8.176,8.16,8.452,8.048,9.636,7.492,8.196,11.864,11.428,9.772,11.548,10.012,11.784,10.372,6.948,6.332,5.392,5.016,3.944,3.788,3.484
20130301,80010000639,IMPORT_KWH,14.65,14.182,13.844,7.722,0.53,0.53,0.532,0.528,0.53,0.598,2.546,2.556,0.172,0.016,0.018,0.018,0.018,0.016,0.018,0.018,0.018,0.018,0.016,0.018,0.018,0.018,0.016,0.018,0.018,0.018,0.016,0.018,0.018,0.016,0.018,0.018,0.018,0.016,1.698,2.518,2.51,2.474,2.536,2.562,2.534,2.552,2.544,2.546
20130301,80010000655,IMPORT_KWH,3.136,3.256,3.728,3.224,3.34,3.208,2.876,2.176,2.152,2.148,1.22,3.428,1.86,1.596,3.364,11.836,13.076,11.3,14.708,20.436,21.132,20.748,21.34,19.208,27.32,27.884,29.476,24.584,14.792,21.632,21.636,24.984,24.928,22,23.66,22.132,17.372,17.576,9.972,8.668,8.78,13.012,11.82,10.232,10.192,9.928,3.776,2.168
20130301,80010001010,IMPORT_KWH,258,354,330,336,276,210,180,138,138,138,168,204,294,348,306,324,342,222,288,258,246,240,240,252,228,234,228,234,228,228,222,216,210,162,144,150,132,120,114,108,78,66,60,66,60,66,60,60
20130301,80010001034,IMPORT_KWH,292.8,292,292.4,292.8,292.4,290.8,282.8,281.6,282,282.8,280,276.4,266,276.8,279.2,280,284.8,289.2,294,302.4,288,286.8,290,292.4,295.2,296,294,291.6,296,300.8,301.6,302,300.4,292.4,295.6,309.2,290.4,290,290,292.4,299.6,311.2,302.8,305.6,304,302,316.4,304.4
20130301,80010001042,IMPORT_KWH,17352,21132,21168,21240,21348,21276,21312,21204,21348,21240,21276,19008,20592,15048,19548,21924,21816.001,22032,22248,22068,22248,22392,22392,22427.999,22463.999,22320,22428,22427.999,22571.999,22392,22608,22464,22356,22320,22392,22248,22284,22356,22248,22356,22392,22140,20520,22320,21456,22068,22248,22212
20130301,80010001075,IMPORT_KWH,388.8,381.4,386,391.4,396.6,393.4,388.4,391.4,388.4,390.8,381.2,382.8,372,373.6,393,394.2,399,403,397.2,402,407.6,407.4,406,418.4,406.4,419.2,411.4,423.2,416,421.2,405.4,405,398.8,388.8,390,378.8,390,387.4,388.4,393.2,387,382.2,385.2,381.4,383.4,377.6,382.8,380.4
20130301,80010001083,IMPORT_KWH,0.36,0.36,0.72,0.36,0.36,0.36,0.36,0.36,0.36,0.72,2.16,18,13.68,0.72,0.36,0.72,0.36,0.36,0.36,4.32,0.72,0.36,0.72,0.72,1.08,5.04,0.72,0.72,0.72,0.72,0.36,0.72,0.72,0.36,0.36,0.36,0.36,0.36,0.36,0.36,0.36,0.36,0.36,0.72,0.36,0.36,0.36,0.36
20130301,80010001101,IMPORT_KWH,4440,4647.2,4520.8,4379.2,4377.6,4381.6,4426.4,4376.8,4636,4589.6,4367.2,4369.6,4375.2,4399.2,4396,4570.4,4650.4,4396,4373.6,4384,4382.4,4409.6,4491.2,4641.6,4459.2,4365.6,4363.2,4365.6,4408,4404.8,4648.8,4536.8,4374.4,4375.2,4375.2,4418.4,4362.4,4622.4,4607.2,4368,4371.2,4373.6,4403.2,4388,4564,4656.8,4419.2,4377.6
20130301,80010001190,IMPORT_KWH,15,15.2,15,14.6,15.2,14.6,14.4,14.8,15.8,17.4,18,20.2,23,22.6,36.6,46,70.4,61,51.4,51.2,51.2,49.6,62.8,60.2,54.6,57.2,65,64.4,61.6,57.4,55.8,42.4,32.4,31,29.4,25.6,22.4,21,20.2,17.6,17.4,17.2,17.2,17,16.8,16.6,16.4,17.4
20130301,80010001217,IMPORT_KWH,1078.8,1090.8,1123.2,1099.2,1113.6,1141.2,1114.8,1100.4,1124.4,1094.4,1088.4,1080,1048.8,1078.8,1090.8,1118.4,1078.8,1090.8,1114.8,1078.8,1088.4,1089.6,1094.4,1075.2,1071.6,1075.2,1098,1082.4,1083.6,1083.6,1076.4,1123.2,1081.2,1066.8,1062,1054.8,1046.4,1058.4,1089.6,1102.8,1104,1106.4,1119.6,1090.8,1094.4,1086,1081.2,1084.8
20130301,80010001463,IMPORT_KWH,2.736,2.264,0.55,0.566,0.61,0.536,0.558,0.588,0.56,0.694,1.884,1.852,1.674,1.51,2.036,2.168,2.628,2.196,3.01,4.706,4.786,5.092,4.334,3.49,3.052,3.218,4.982,4.546,4.662,4.796,4.642,4.264,3.294,3.484,4.774,4.13,4.438,8.292,10.23,10.848,10.772,10.776,10.602,10.596,10.13,4.308,2.622,2.71
20130301,80010001496,IMPORT_KWH,2.212,2.812,3.126,3.154,2.688,2.408,2.75,2.506,2.63,2.576,2.736,2.466,2.312,2.21,1.99,1.428,1.718,2.11,1.924,3.902,3.874,4.252,3.934,4.402,2.944,2.556,3.05,2.498,2.77,2.138,2.154,1.874,1.632,2.34,2.876,2.752,3.446,4.124,3.344,4.184,4.416,5.42,5.314,4.978,5.456,4.714,3.234,2.29
20130301,80010002056,IMPORT_KWH,10.864,10.944,10.896,11.04,11.072,11.056,11.104,11.136,11.12,11.408,15.456,16.352,13.984,13.296,23.36,17.2,24.688,30.048,31.248,31.888,37.12,34.24,36.288,31.888,32.992,31.648,35.744,39.216,36.512,36.944,34.656,34.672,39.104,37.44,42.848,46.032,45.12,39.296,42.672,30.48,26.336,26.496,24.272,23.888,20.976,12.928,11.744,11.936
20130301,80010002071,IMPORT_KWH,35.1,48.816,38.736,44.748,44.172,35.208,44.64,34.38,61.884,52.812,52.632,52.092,51.768,53.46,65.484,67.536,84.924,103.212,112.896,114.876,119.916,123.3,125.244,123.552,125.856,131.94,132.804,132.264,136.764,137.232,132.3,131.148,124.56,118.152,118.728,112.176,109.476,89.316,52.272,64.188,46.98,62.892,47.736,51.336,51.624,43.74,53.676,36.864
20130301,80010002107,IMPORT_KWH,41.44,42.544,58.8,40.704,38.528,32.32,22.816,22.08,23.968,30.72,39.376,33.76,40.112,42.512,42.992,48.768,56.512,70.672,93.488,119.312,137.68,132.08,144.528,134.368,126.512,122.432,117.696,115.088,110.592,107.824,105.6,106.112,107.216,102.48,107.136,107.024,93.712,91.936,78.368,73.728,66.288,59.024,58.016,45.072,24.8,22.4,20.608,20.672
20130301,80010002312,IMPORT_KWH,26.436,26.436,25.888,25.614,25.888,25.952,14.23,0.03,0.03,0.028,0.03,0.03,0.028,0.028,0.03,0.03,0.028,0.03,0.032,0.03,0.03,0.03,0.028,15.976,9.98,0.03,0.03,0.03,0.028,0.03,0.03,0.028,0.03,0.032,0.032,0.032,0.032,0.032,1.046,7.148,0.032,0.032,0.032,0.03,0.03,0.028,0.03,0.03
20130301,80010002526,IMPORT_KWH,49.536,50.224,49.488,48.272,48.384,48.688,46.976,47.984,47.488,46.304,46.512,48.544,49.168,48.928,52.832,56.048,72.352,75.088,78.208,79.328,77.36,76.688,76.72,76.656,77.056,74.784,71.76,78.928,73.328,73.168,73.888,74.992,70.432,66.816,62.656,55.488,54.896,54.24,50.576,48.736,49.008,46.352,47.92,46.224,51.824,45.888,46.224,46.416
20130301,80010002542,IMPORT_KWH,25.476,23.996,22.896,22.964,22.868,22.328,22.5,21.932,21.9,22.408,20.328,21.328,21.972,28.172,39.808,41.896,53.356,63.54,84.032,80.5,87.844,82.716,87.912,91.072,92.608,93.536,94.184,95.732,93.34,94.528,92.052,92.512,96.816,91.212,91.696,90.18,92.824,94.544,90.248,89.012,60.36,48.884,43.8,40.856,39.836,36.104,33.672,29.908
20130301,80010002690,IMPORT_KWH,1521,1512.6,1586.4,1680.9,1649.4,1662,1610.7,1523.7,1492.5,1656,1626.6,1468.8,1461,1529.4,1530.6,1565.1,1527.6,1570.2,1462.2,1510.5,1488,1513.8,1473.3,1434.3,1429.5,1440.6,1462.2,1052.4,619.8,530.4,551.4,567.9,554.4,520.2,578.7,592.2,470.4,442.5,436.2,456,463.2,514.2,485.7,454.2,407.1,390.6,393,387.6
20130301,80010002700,IMPORT_KWH,880,876,846.4,859.6,874.4,854.8,744.4,727.6,732,730,729.2,599.2,590.4,596.4,573.2,580.4,582,527.2,502,570.8,509.2,543.6,640.4,646.8,760.4,733.2,797.6,860.8,836.8,876,817.2,887.2,888,885.2,786.8,763.6,842.8,827.2,880.8,896.8,831.2,876.4,815.2,751.6,796,816.8,785.2,762.4
20130301,80010002831,IMPORT_KWH,31.712,32.672,31.84,33.248,32.672,32.448,32.224,31.904,32.576,32.352,32.128,31.744,31.648,43.712,45.024,49.248,44.096,53.312,44.896,53.728,46.784,55.552,49.728,54.592,48.128,52.064,47.136,50.976,49.728,49.792,47.488,48.288,45.12,50.752,35.008,44.96,38.144,40.64,37.984,36.32,35.744,43.296,32.704,32.384,32.864,32.96,33.408,32.896
20130301,80010002857,IMPORT_KWH,0,0,0,0,0,0,0,0,0,0,0,0,0,0,0,0,0,0,0,0,0,0,0,0,0,0,0,0,0,0,0,0,0,0,0,0,0,0,0,0,0,0,0,0,0,0,0,0
20130301,80010002865,IMPORT_KWH,35.6,36.8,35.8,36,36.6,35.8,36.6,35.8,36,36,38.8,38.6,35.2,35.6,34.6,36,39.4,58,458.2,563.8,566.6,555.2,551.4,551,554.8,556,561.6,568.2,559.6,376.8,473.8,570.6,576.6,571,456.8,554.2,436.8,565.8,557.8,559.8,553,553.6,551.4,547.4,558.2,563.8,561.2,551.8
20130301,80010002872,IMPORT_KWH,1874.4,1868.4,1897.2,1899.6,1899.6,1806,1810.8,1831.2,1890,1864.8,1882.8,1842,1820.4,1768.8,1861.2,1789.2,1873.2,1868.4,1858.8,1929.6,1915.2,1905.6,1856.4,1786.8,1856.4,1814.4,2004,2022,2072.4,2058,1965.6,1912.8,1911.6,1962,1918.8,1773.6,1892.4,1917.6,1920,1926,2064,1981.2,2036.4,2013.6,2060.4,2016,2022,2050.8
20130301,80010002880,IMPORT_KWH,5.28,5.692,5.272,5.232,5.884,5.104,5.268,5.172,5.172,5.776,25.148,21.648,19.784,20.032,20.708,20.704,20.776,21.104,21.332,21.196,21.38,21.684,22.388,22.356,19.784,18.472,19.308,19.136,20.048,19.156,18.428,18.316,19.452,27.284,26.652,19.772,12.588,9.128,8.284,8.2,7.696,7.416,7.304,7.296,7.584,7.568,6.892,6.732
20130301,80010002898,IMPORT_KWH,39.608,39.488,39.584,39.6,39.4,39.32,39.208,39.128,39.056,38.96,38.92,40.048,40.016,40.064,40.2,39.432,40.072,40.992,41.744,42.352,42.696,42.984,43.224,43.424,43.736,43.816,43.896,37.928,37.344,37.544,44.16,44.2,44.12,43.936,43.128,41.488,41.168,40.76,40.4,40.2,40.072,39.896,39.616,39.52,39.184,39.048,38.936,38.784
20130301,80010002908,IMPORT_KWH,37.98,38.592,38.376,37.8,38.016,36.972,34.272,32.868,33.264,47.916,36.684,93.24,104.04,103.788,114.372,124.92,127.692,127.656,130.428,128.484,129.636,130.752,133.812,132.192,135.504,139.248,142.092,138.924,136.296,132.552,132.552,130.752,129.348,128.916,126.648,125.532,51.192,45,43.812,44.424,43.344,43.164,38.988,38.628,37.98,36.576,35.46,36.144
20130301,80010002922,IMPORT_KWH,50.768,50.688,50.096,51.456,50.416,50.544,49.552,49.44,50.208,49.424,49.952,48.752,49.68,49.248,50.32,50.896,51.664,52.512,52.272,53.12,53.12,52.56,54.032,54.848,55.04,55.072,55.152,55.904,57.808,56.272,55.12,54.224,54.112,55.76,54.624,54.048,52.96,52.848,53.872,52.928,54.784,52.64,52.336,52.384,51.184,51.104,51.12,50.4
20130301,80010002948,IMPORT_KWH,1356,1338,1356,1350,1341,1329,1287,1353,1359,1344,1326,1251,1296,1293,1164,1182,591,510,1218,1278,1299,1248,1248,1254,1272,1248,1260,1299,1269,1242,1233,1233,1179,1260,1251,1179,1158,1176,1188,1254,1173,900,1062,1206,1191,1170,1167,1164
20130301,80010002989,IMPORT_KWH,825.4,829.2,871.4,1364.6,1391.2,834.6,991.8,1541.8,1082.6,1105.2,827.6,928.2,1106.6,1002.2,828.6,797,915.4,899.2,1181,809.2,810,1031.6,899.8,1076,1102.2,943.8,838.8,916,954.2,845.4,1074.4,970.2,1035.2,1290.6,1186.2,874.6,842.4,1169.4,1182.2,1157.6,1006.6,715.6,770.2,588.4,854.4,531.8,525.6,698.4
20130301,80010003006,IMPORT_KWH,922.8,957.6,991.2,956.4,962.4,974.4,958.8,951.6,926.4,950.4,932.4,944.4,966,978,1004.4,1021.2,1059.6,1045.2,1051.2,1044,1028.4,1000.8,997.2,963.6,939.6,948,960,982.8,946.8,934.8,885.6,861.6,859.2,848.4,808.8,760.8,729.6,788.4,781.2,782.4,747.6,744,721.2,706.8,680.4,690,686.4,680.4
20130301,80010003062,IMPORT_KWH,48.32,46.88,47.952,45.856,46.112,46.064,45.072,45.104,44.896,44.528,44.144,43.808,43.376,44.352,47.088,49.616,50.992,52.72,54.064,56.192,56.432,57.04,56.592,55.888,57.328,58.592,59.504,60.064,61.152,60.672,60.304,61.792,60.592,59.472,60.176,59.984,58.672,58.72,57.808,56.896,54.464,52.88,52.928,52.576,51.856,51.888,50.656,51.232
20130301,80010003079,IMPORT_KWH,162.78,161.34,162.18,159.99,161.67,159.18,158.82,159.24,157.11,161.7,156.96,159.75,158.88,160.59,159.51,159.51,160.68,160.98,161.67,163.62,165.18,163.92,169.65,165.06,168.24,166.26,168,168.33,171.36,174.63,171.6,170.76,170.97,167.76,170.43,166.32,165.69,161.28,163.11,161.88,162.24,157.26,162.81,159.36,164.04,161.52,161.94,160.2
20130301,80010003129,IMPORT_KWH,40.536,43.548,46.44,42.492,38.312,38.288,38.26,38.184,38.18,38.128,38.132,38.236,38.716,40.36,40.74,41.276,41.648,41.74,42.036,42.256,42.332,41.656,43.424,46.56,46.852,46.58,44.464,40.836,40.888,45.956,46.36,46.336,46.228,46.108,46.092,45.96,41.104,39.676,39.828,42.752,45.744,45.464,41.036,39.308,39.256,39.212,39.108,39.036
20130301,80010003137,IMPORT_KWH,0.44,0.504,0.432,0.472,0.472,0.472,0.44,0.504,0.44,0.464,0.472,0.336,0.32,0.312,0.264,1.424,0.256,0.304,0.864,0.28,0.248,0.24,0.328,0.344,0.296,0.968,0.48,0.744,0.776,0.712,0.768,0.832,0.808,0.904,0.792,0.808,1.304,0.832,0.792,1.008,0.944,0.592,0.504,0.472,0.448,0.832,0.856,0.808
20130301,80010003161,IMPORT_KWH,57.4,57.4,57.4,57.8,59,58.6,58.6,58.4,58.6,58,56.4,56.6,77.6,129.6,180.2,180.2,178.6,182.2,181.8,181.4,183.6,183.2,183.6,183.8,184.2,183,183.8,184.8,184.6,184.2,189.4,185.4,184.4,180.6,180.2,167,143.8,98.6,63.6,59.6,59.4,60,61.8,62,61.4,61.2,62,61.8
20130301,80010003235,IMPORT_KWH,31.2,35.2,32.8,34,33.2,36,32.8,28,24,26,28.4,25.6,22.8,22,26.4,26.4,32.4,34.8,38.8,35.2,38,31.2,34.4,20,19.6,19.6,19.6,20,20,20.8,24.4,23.2,23.2,22,21.6,25.2,22,28.4,28,36,34,36.4,38.8,34.8,38.8,36,36.4,36
20130301,80010003251,IMPORT_KWH,2526,2551.6,2486.4,2415.2,2363.6,2376.8,2423.6,2524,2586.4,2638.4,2601.2,2729.2,2645.2,2589.2,2559.2,2665.2,2678.8,2488.8,2699.2,2714.4,2625.6,2674.8,2694.4,2613.6,2770.4,2797.6,2484.8,2439.2,2478,2680.8,2636.8,2632.4,2686.4,2782,2648.4,2675.6,2577.6,2697.2,2847.6,2674.4,2663.6,2636,2642.4,2715.6,2825.2,2682,2568.8,2658.8
20130301,80010003292,IMPORT_KWH,1099.8,953,904.4,897.6,973.2,850.4,849.2,1151.6,1260,1213.8,960.2,808.4,871.4,1191.4,1718.4,1605.8,1721.2,1849.2,1514.4,1185.2,1353.8,1136.4,1515.8,1338.8,1088.6,742.6,901,1323.2,1405.4,1495,1619.2,1678.6,1093.6,1076.8,840.8,698.6,721.8,704,839.6,1050.8,1046.4,1013,868.6,751.8,562.6,545.6,739.8,1001.8
20130301,80010003350,IMPORT_KWH,68.88,68.44,67.96,67.8,66.92,67.48,66.48,66.8,66.12,66.68,70.24,73.36,138.48,215.36,187.16,190.16,208,208.28,206.44,218.84,221.32,208.24,228.48,231.68,233.92,232.92,229.64,234.2,232.4,229.36,228.96,228.96,230.36,230.88,219.56,211.76,101.24,96.48,90.88,91.32,84.92,81.84,78.12,75.44,70.64,66.36,66.16,66.72
20130301,80010003383,IMPORT_KWH,46.96,46.568,47.136,47.048,46.288,46.24,45.768,44.928,44.392,43.784,42.752,40.912,40.032,40.144,41.472,43.008,43.952,45.152,45.96,46.712,46.976,47.96,49,50.256,50.904,50.232,49.344,49.6,48.52,51.36,50.864,50.776,50.288,50.144,50.448,50.68,50.656,50.888,50.328,50.024,49.504,49.008,48.368,47.448,46.528,45.448,44.544,43.928
20130301,80010003401,IMPORT_KWH,2,4,2,4,2,2,2,2,2,2,2,2,2,4,2,2,2,2,2,4,2,2,2,2,2,2,2,2,2,2,2,2,2,2,2,2,2,2,2,4,2,4,2,4,2,2,2,2
20130301,80010003425,IMPORT_KWH,46.944,45.184,44.512,43.952,43.68,42.672,41.872,43.68,38.912,39.472,39.52,39.92,38.576,39.888,41.984,41.744,43.808,45.36,45.904,46.32,45.296,47.2,45.472,38.72,45.168,43.856,45.12,45.328,46.512,47.584,45.392,46.016,47.072,44.144,43.552,43.056,42.464,43.136,42.224,42.624,42.304,42.528,42.528,41.712,42.064,42.384,41.536,40.448
20130301,80010003433,IMPORT_KWH,15.6,16.8,16.8,15.6,14.4,14.4,14.4,14.4,14.4,14.4,20.4,31.2,40.8,42,45.6,45.6,48,50.4,52.8,55.2,60,57.6,57.6,57.6,60,57.6,60,58.8,57.6,61.2,52.8,48,49.2,45.6,44.4,28.8,21.6,18,16.8,14.4,14.4,14.4,14.4,14.4,14.4,12,13.2,13.2
20130301,80010003474,IMPORT_KWH,1047.6,741,448.2,364.8,309.6,342,337.2,429,516.6,488.4,739.8,1502.4,1639.8,1924.2,2929.2,2871,2776.2,2832.6,2319.6,2047.2,2017.8,1786.2,1657.2,1807.8,1510.8,1592.4,1900.2,2079.6,2415.6,3045,3003,2703.6,2995.8,3111,2650.2,3052.2,2681.4,2495.4,2033.4,1551.6,1093.2,882.6,866.4,783.6,751.2,777,826.2,748.8
20130301,80010003500,IMPORT_KWH,66.512,66.304,64.208,63.648,64.368,62.608,64.128,62.608,63.376,63.776,64.416,64.896,63.664,62.608,64.784,63.92,66.208,64.336,64.176,66.192,63.808,65.504,67.92,66.144,66.048,65.024,64.08,65.248,65.552,64.736,66.56,64.4,65.936,65.808,63.44,62.768,62.624,62.592,61.776,62.624,62.64,61.744,64.576,62.704,62.384,61.984,62.592,62.464
20130301,80010003518,IMPORT_KWH,8.7,8.76,8.82,8.82,8.88,8.94,8.82,8.76,8.88,9.12,11.1,13.98,14.46,14.34,14.82,15.72,17.82,23.28,36.66,36,35.34,35.76,37.92,38.4,39.36,41.52,40.86,42.24,42.12,42,39.84,40.8,36.54,36.24,34.14,32.4,29.28,26.4,10.38,10.32,11.94,12.42,12.36,12.36,12.36,12.18,12.06,9.96
20130301,80010003599,IMPORT_KWH,244.35,241.11,240.57,242.55,242.01,239.31,243.54,242.64,240.21,239.31,239.31,245.07,241.92,238.14,245.07,240.21,242.73,238.95,238.5,248.67,238.41,239.85,244.71,238.05,239.76,243.99,241.38,237.6,241.02,244.17,239.49,238.05,241.65,243.18,236.16,246.06,233.64,242.1,242.1,238.77,243.9,233.55,250.02,237.15,238.14,245.7,237.87,243.54
20130301,80010003617,IMPORT_KWH,47.084,46.984,47.072,47.176,47.12,47.056,47.02,46.972,46.908,46.836,46.74,44.636,44.676,46.56,46.64,46.896,47.124,47.384,47.66,48.336,48.716,48.984,48.952,49.712,50.208,50.528,50.5,50.6,50.644,50.68,50.644,50.656,50.524,50.316,50.276,50.008,49.856,49.652,49.64,49.484,49.324,49.14,48.748,48.624,48.504,47.528,47.32,47.148
20130301,80010003649,IMPORT_KWH,20.292,15.768,15.104,15.128,13.528,14.8,13.536,11.26,12.92,12.076,11.944,18.424,22.9,26.792,35.304,39.704,47.636,53.464,55,54.128,57.14,56.864,57.764,59.224,59.56,60.44,60.224,62.048,60.332,60.44,60.676,55.944,45.712,38.82,38.256,34.312,30.636,13.808,10.776,11.056,10.204,10.768,9.652,9.836,8.844,9.252,9.04,9.04
20130301,80010003665,IMPORT_KWH,241.02,217.62,204.3,203.28,195.24,191.52,190.02,196.86,227.82,237.42,246.06,251.46,262.98,280.08,323.04,349.5,361.74,398.7,435.3,458.16,486.06,503.4,515.7,519,518.04,541.92,541.02,548.34,550.86,555.18,538.86,542.64,547.2,538.44,492.42,443.46,413.64,409.98,404.88,326.58,308.88,299.34,271.92,261.18,250.2,249.66,231.24,224.7
20130301,80010003722,IMPORT_KWH,30.918,31.056,34.242,34.344,30.786,30.84,31.02,30.93,34.56,34.146,30.894,30.924,30.984,30.852,31.17,34.938,38.388,36.24,34.212,35.226,34.524,0,0,0,0,0,0,0,0,7.272,38.4,39.822,36.276,38.682,33.978,33.264,34.674,35.772,32.358,30.912,33.288,34.734,34.602,30.852,30.816,33.234,34.338,31.392
20130301,80010003730,IMPORT_KWH,376.98,377.25,377.73,376.32,375.57,409.95,458.73,458.01,457.26,458.31,457.89,456.81,451.59,452.49,423.75,383.73,381.45,381.69,411,447.9,447.57,448.08,447.12,449.07,446.01,446.94,384.12,238.83,195.45,169.44,62.85,99.15,129.66,125.91,128.91,125.16,128.94,129.66,133.86,136.44,136.71,136.74,171.63,214.14,215.25,216.87,216.84,216.3
20130301,80010003756,IMPORT_KWH,39.904,39.824,39.664,39.632,39.552,39.44,39.44,39.536,39.36,39.232,39.408,39.68,39.408,41.36,42.096,42.16,42.176,42.336,42.672,42.72,42.784,43.152,43.648,45.664,46.992,47.168,47.36,47.584,47.568,47.728,47.632,45.376,44.08,45.376,45.232,45.04,44.848,44.544,44.304,44.064,43.744,40.896,40.144,39.984,39.744,39.568,39.504,39.36
20130301,80010003771,IMPORT_KWH,106.44,108.06,108.96,106.8,107.34,106.26,105.24,106.32,105.24,104.58,102.9,101.88,103.68,103.8,105.24,106.62,108.12,109.44,110.58,110.52,111.78,112.38,113.16,115.2,116.7,117,117.78,118.26,119.1,118.8,117.96,117.3,115.44,115.14,114.9,114.3,113.28,112.74,112.14,111.24,110.04,108.48,107.52,108.18,105.78,105.18,106.08,104.82
20130301,80010003789,IMPORT_KWH,0,0,0,0,0,0,0,0,0,0,0,0,0,0,0,0,0,0,0,0,0,0,0,0,0,0,0,0,0,0,0,0,0,0,0,0,0,0,0,0,0,0,0,0,0,0,0,0
20130301,80010003815,IMPORT_KWH,3.992,3.976,3.968,3.928,3.96,7.848,12.408,9.656,8.848,8.072,7.944,7.76,7.68,7.616,7.64,7.992,7.688,4.768,3.912,3.952,3.912,3.928,3.984,3.984,3.912,3.928,3.888,3.936,3.904,3.984,3.976,3.872,3.952,3.928,3.928,4.024,3.96,3.96,3.936,3.992,3.976,4.024,4.04,4.008,3.952,4,3.936,3.968
20130301,80010003847,IMPORT_KWH,1380.8,1391.2,1412,1386.4,1451.2,1486.4,1488.8,1505.6,1614.4,1648,1656,1699.2,1764.8,1777.6,1739.2,1799.2,1808.8,1907.2,1925.6,2039.2,2071.2,2098.4,2105.6,2116.8,2081.6,2073.6,2040,2083.2,2092.8,2009.6,1962.4,1895.2,1824,1806.4,1750.4,1669.6,1570.4,1533.6,1520.8,1464.8,1456.8,1406.4,1379.2,1309.6,1273.6,1249.6,1216,1229.6
20130301,80010003855,IMPORT_KWH,56.84,58.888,57.432,56.936,57.416,57.12,56.68,55.824,55.24,55.864,56.632,55.504,55.44,52.952,55.904,60.52,56.52,57.528,60.24,60.216,58.96,62.432,62.248,62.752,63.952,64.56,65.496,66,65.216,66.152,65.608,66.912,65.392,67.44,65.104,62.856,59.144,58.776,59.096,58.064,57.968,57.568,57.28,57.128,56.56,55.744,55.176,55.144
20130301,80010003863,IMPORT_KWH,12,11.6,11.8,16.6,17.8,17.4,17.6,17.8,15.2,11.6,11.8,11.6,9.6,7.2,9.2,33.2,40.8,41.6,51.2,57.4,61.2,60.4,59.8,63,61,58.2,57.2,62,58.2,59.2,60.4,54,11.2,8,8,7.6,7,6.8,10,11.2,11,11,11.2,11.2,11.6,11,11.4,11
20130301,80010003888,IMPORT_KWH,0,0,0,0,0,0,0,0,0,0,0,0,0,0,0,0,0,0,0,0,0,0,0,0,0,0,0,0,0,0,0,0,0,0,0,0,0,0,0,0,0,0,0,0,0,0,0,0
20130301,80010003896,IMPORT_KWH,41.056,41.024,41.024,40.88,40.752,40.688,40.832,40.88,40.864,40.848,40.816,40.816,40.752,40.736,40.896,41.104,41.392,41.744,41.872,42.192,42.256,42.4,42.512,42.48,42.624,42.656,42.672,42.368,42.576,42.224,42.416,42.432,42.112,42.096,41.936,41.728,41.68,41.744,41.936,41.968,41.856,41.76,41.488,41.408,41.264,41.168,41.024,40.912
20130301,80010003906,IMPORT_KWH,15.988,15.476,15.436,15.392,15.508,15.34,15.216,15.212,15.256,15.252,15.228,15.272,15.176,14.996,15.5,15.54,15.544,15.468,15.468,15.644,15.516,16.128,15.588,15.416,15.328,15.808,15.824,15.776,15.692,15.536,15.804,15.78,15.7,16.04,15.828,15.936,16.008,16.036,15.812,16.348,16.052,15.72,15.136,15.452,15.372,15.4,15.396,15.372
20130301,80010003914,IMPORT_KWH,370.4,365.6,367,363.4,365.8,363.4,364.8,362.8,363.2,369.8,367.4,464.2,555.4,546.4,600,626,648.8,661.6,683.4,718,727.6,733.4,744.4,753,761.4,756,753.6,752.2,760.4,761,753.4,752.6,746.4,729.6,693.8,483.2,449.4,438.8,434.8,432,403.2,382.8,370.2,369.6,364.6,364.6,365.4,361
20130301,80010003920,IMPORT_KWH,2655.6,2870.4,2872.8,2702.4,2604,2522.4,2546.4,2652,2895.6,2894.4,2882.4,2884.8,2942.4,3262.8,3925.2,4189.2,4195.2,4334.4,4479.601,4593.6,4650,4720.8,4814.4,4872,4839.601,4868.4,4916.4,5012.4,5419.2,5050.8,5041.2,5016,4942.8,4828.8,4634.4,4328.4,3975.6,3748.8,3579.6,3333.6,3303.6,3228,3126,2888.4,2814,2702.4,2498.4,2492.4
20130301,80010003938,IMPORT_KWH,0.368,0.368,0.368,0.608,0.656,0.352,0.384,0.368,0.64,0.608,0.352,0.368,0.352,0.672,1.744,0.64,0.656,0.8,0.928,0.896,0.656,0.672,0.688,0.704,1.456,1.008,0.752,0.752,0.688,0.688,0.384,0.512,0.704,0.352,0.384,0.352,0.4,0.352,0.672,0.56,0.368,0.4,0.368,0.368,0.56,0.672,0.368,0.352
20130301,80010003946,IMPORT_KWH,542,528.2,501.6,508.8,511.2,506.2,502.6,499,498.2,491.8,508.6,528.6,621.2,671.8,725.6,727.4,814.6,820.6,850.8,881.2,911.4,926.2,924.6,959,959.8,949.6,951.4,965.6,974.2,940,919.8,928.4,914.6,913.6,871.8,836.4,810.2,776.2,740,719.8,688.8,678,614.8,625.2,556.8,559,552.4,529.2
20130301,80010003954,IMPORT_KWH,96.192,96.064,93.792,92.064,91.936,90.112,88.576,88.384,86.432,85.44,85.472,84.064,83.936,84.48,86.368,90.624,93.184,96.512,101.504,105.472,109.344,111.04,113.632,115.552,116.288,118.368,120.576,121.792,121.888,120.544,116.8,112.992,112.992,112.992,109.632,107.296,106.496,103.68,103.2,100.96,102.08,102.624,101.088,99.2,98.368,98.24,93.024,92.48
20130301,80010004028,IMPORT_KWH,48.096,49.392,50.272,56.48,55.216,54.016,45.76,49.36,46.448,49.84,50.336,52.8,49.136,67.12,71.04,77.392,78.416,77.936,65.696,75.984,75.824,76.544,78.112,79.536,73.184,74.192,74.032,75.376,79.152,80.368,70.112,78.352,74.88,74.016,74.272,74.048,70.048,70.128,71.76,75.376,75.28,70.928,50.544,57.344,52.16,55.408,55.168,52.544
20130301,80010004044,IMPORT_KWH,40.196,40.1,40.784,39.92,40.228,40.02,39.832,40.092,39.676,39.448,39.416,39.668,39.352,38.812,39.188,39.992,40.128,40.884,42.448,42.516,43.756,44.872,45.196,45.9,46.492,46.272,47.528,48.748,48.872,48.652,46.636,47.12,48.368,47.448,47.296,47.296,45.088,45.084,47.016,44.716,43.876,43.832,44.036,43.424,43.236,42.116,41.476,42.532
20130301,80010004077,IMPORT_KWH,179.28,181.872,185.28,176.928,176.784,168.384,162.816,157.872,163.152,164.592,162.192,166.608,162.576,162.768,185.28,165.312,162.48,166.368,195.84,218.976,220.32,211.344,209.472,202.032,218.88,171.12,166.608,174.72,177.312,172.848,188.496,189.696,198,189.888,174,165.456,157.632,150.24,156.048,149.232,144.192,146.16,150.336,144.768,141.504,141.264,140.16,137.376
20130301,80010004111,IMPORT_KWH,32.84,33.448,34.032,33.72,33.268,33.488,33.896,34.096,33.832,33.072,33.008,32.388,32.396,32.236,33.208,33.5,34.272,34.396,34.676,34.696,35.132,35.5,36,36.144,36.216,36.872,36.684,37.248,37.352,37.42,37.248,37.124,36.952,36.272,36.128,36.336,35.808,35.46,35.596,35.148,35.288,34.76,34.788,34.656,34.024,33.34,33.072,33.776
20130301,80010004151,IMPORT_KWH,218.4,217.2,208.4,214,352.8,397.6,368,425.6,435.6,362.4,425.6,333.6,417.6,416.8,398,474.4,454.4,445.6,429.6,345.2,308,386,459.6,456,424.4,385.2,358.8,450.4,413.2,430.8,384.8,305.2,412.8,387.6,211.6,198,200,198,199.2,200.8,194.8,194.8,184.4,185.2,185.6,183.2,181.2,181.6
20130301,80010004176,IMPORT_KWH,7.012,7.004,7.004,7,7.004,7.004,6.968,6.964,6.964,6.992,7.164,7.16,7.096,7.092,7.096,7.124,7.136,7.124,7.136,7.132,7.076,7.072,7.052,7.088,7.084,7.088,7.044,7.052,7.06,7.072,7.1,7.08,7.056,7.04,7.004,7.036,7.048,7.104,7.116,7.12,7.148,7.136,7.056,7.06,7.072,7.072,7.104,7.108
20130301,80010004184,IMPORT_KWH,108.52,107.688,108.376,107.752,107.592,107.088,108.208,107.064,107.312,103.808,18.856,4.456,2.96,2.856,2.896,2.88,2.92,2.944,3.52,3.472,3.504,3.44,3.536,3.512,3.632,3.544,3.344,3.024,2.952,2.896,2.952,2.992,2.992,2.888,2.952,2.808,2.816,2.84,4.424,4.752,4.584,4.256,4.136,4.176,4.144,4.184,4.272,5.04
20130301,80010004225,IMPORT_KWH,37.092,37.06,37.064,36.92,36.872,36.968,37.268,37.196,37.064,36.784,36.524,36.556,36.48,36.524,36.656,37.22,37.372,37.312,37.228,37.388,38.304,38.728,38.964,38.992,39.176,39.412,39.392,39.632,39.104,39.184,39.444,40.616,40.656,41.256,33.22,37.036,39.912,39.8,39.528,39.136,38.828,38.584,37.996,37.652,37.352,37.3,37.068,37.016
20130301,80010004241,IMPORT_KWH,18.456,18.216,16.908,17.088,18.696,16.98,16.908,18.24,19.056,17.688,17.448,25.236,25.128,44.436,58.212,31.368,41.592,43.464,44.256,48.552,39.72,37.824,43.956,45.528,42.912,42.732,45.972,42.156,38.472,40.032,32.46,32.736,34.152,36.876,30.6,34.488,33.876,32.748,33.696,21.852,20.304,20.28,22.008,20.292,20.04,19.188,18.36,19.116
20130301,80010004259,IMPORT_KWH,506.8,503.4,494.3,470.8,470.9,474.4,479,470.5,478,493.5,511.6,535.9,539.1,564.6,619.5,645.2,706.6,800.5,894.2,994.1,1042.9,1078.2,1139.9,1160.9,1191.9,1201,1215.1,1228,1252.4,1207.4,1180.8,1161.7,1136.2,1137.4,1059.8,982.3,954.8,956.6,986.3,984,1010.6,985.8,952.6,862.4,766.3,685,620.3,553.3
20130301,80010004274,IMPORT_KWH,124.4,201.2,166.8,161.2,160.8,159.2,160.8,161.2,166,173.6,198,239.6,253.6,359.6,398.8,439.2,434.4,434,454.8,455.6,460,464.4,466.8,476.8,477.6,479.6,473.6,479.6,470.4,471.2,469.6,464.4,455.6,444.8,427.6,420.4,402.4,324.4,265.6,315.6,202,155.2,153.6,152.4,152.4,150,149.2,176.8
20130301,80010004300,IMPORT_KWH,108.78,108.54,116.28,107.88,131.64,124.44,129.12,121.56,127.44,139.08,156.36,151.68,185.22,199.02,197.76,216,237.6,243.06,266.04,262.92,273.66,278.76,285.18,287.34,297.54,301.26,298.74,298.56,295.62,299.34,299.76,295.32,294.84,294.84,264.36,199.44,171.48,162.42,150.24,156.12,154.74,152.76,146.34,134.52,117.48,115.98,110.7,113.4
20130301,80010004318,IMPORT_KWH,280.5,276.24,267.24,283.8,261.72,261.36,259.26,273.6,284.58,291.06,305.76,311.64,320.04,354.96,361.5,367.2,410.4,443.46,472.8,494.7,501.96,519.48,531.18,555.9,573.78,574.32,558.6,570.54,571.86,609.06,601.92,615.06,588,579.6,570.96,550.62,501,496.2,491.52,482.16,458.16,440.52,382.92,362.88,337.44,341.58,314.94,308.16
20130301,80010004332,IMPORT_KWH,478.2,480.9,467.4,464.7,467.1,470.4,470.7,459,469.5,467.1,451.2,467.1,477.6,476.1,475.2,460.2,471.9,473.1,471.3,472.8,474,475.2,476.7,475.5,467.7,472.2,481.2,488.4,487.2,484.2,487.2,478.2,472.2,472.8,470.7,471.9,470.4,465.3,461.1,473.1,483.9,483.6,471.9,488.4,483,478.8,458.4,138
20130301,80010004358,IMPORT_KWH,61.792,50.976,37.632,5.952,1.76,1.856,1.76,1.824,1.792,1.792,1.76,1.888,1.984,3.264,3.808,4.224,7.488,12.16,12.384,12.544,12.48,12.384,35.456,20.832,13.12,13.024,13.664,39.936,28.256,6.08,3.84,1.792,1.792,1.92,2.016,2.208,2.144,2.112,2.176,2.336,2.272,2.336,2.368,2.304,2.208,2.208,2.304,2.272
20130301,80010004399,IMPORT_KWH,0.9,0.9,0.9,0.9,0.9,0.9,0.9,0.9,0.9,0.9,0.9,0.9,0.6,0.9,0.9,0.9,0.9,0.9,0.6,0.9,0.9,0.9,0.9,0.9,0.9,0.9,0.9,0.9,0.9,0.9,0.9,1.2,0.9,0.9,0.9,0.9,0.9,0.9,0.9,0.6,1.2,0.9,0.9,0.9,0.9,0.9,0.9,0.9
20130301,80010004417,IMPORT_KWH,52.64,53.88,55.88,52.32,52,51.56,52.48,56.4,55.92,54.52,85.8,126.04,162.92,247.04,219,251.2,243.72,336.4,338.4,345.68,354.76,351,355.68,359.96,355.04,343.24,352.52,358.16,353.88,355.84,340.08,322.24,308.08,295.36,284,274.8,254.84,247.08,238.44,202.16,148.16,180.2,169,102.08,72.72,51.12,54.08,54.52
20130301,80010004423,IMPORT_KWH,136.23,135.99,119.94,119.67,115.26,116.58,114.12,105.12,91.17,101.85,122.04,129.93,151.59,186.87,237.99,246.36,257.76,289.53,313.86,331.32,332.61,361.14,379.92,382.5,368.04,393.75,412.5,401.73,407.97,401.43,400.83,400.32,395.34,371.82,337.5,326.94,259.83,241.2,230.67,205.08,170.67,158.07,149.28,141,130.41,130.17,123,116.73
20130301,80010004449,IMPORT_KWH,98.624,94.496,90.592,92.16,92.928,96.8,89.92,88.448,88.512,91.136,87.072,93.856,103.52,101.248,100.288,106.688,110.688,115.68,116.416,118.208,121.376,124.832,120.704,120.992,120.32,124,119.488,124.64,124.128,125.792,125.92,121.6,122.528,125.024,119.52,116.48,114.848,113.408,108.256,114.528,116.704,118.752,111.52,110.752,108.256,113.472,91.904,89.504
20130301,80010004498,IMPORT_KWH,10.4,10.2,10,10,10.2,10.2,10,10.6,13.4,13.6,13.8,13.8,12.6,11.2,11,10,10.2,9.2,9.2,10.6,10.4,9.8,11,11,11.6,11.4,12.2,12.4,12.4,11.6,11.4,10.8,10.6,8.8,8,8.6,8.2,7.8,9,9.2,9.4,9.4,9.2,9.6,9.2,9.2,9.4,9.2
20130301,80010004508,IMPORT_KWH,187.344,185.4,190.704,189.888,191.544,191.808,188.352,190.632,193.608,182.208,183.912,103.488,13.632,13.656,13.848,15.12,14.016,16.032,14.616,10.704,7.728,7.68,7.776,7.656,7.776,7.608,7.512,7.536,7.584,7.56,7.56,7.512,7.536,7.56,7.584,7.776,7.56,7.536,7.464,7.488,7.512,7.536,7.296,7.536,7.416,7.44,7.416,7.344
20130301,80010004516,IMPORT_KWH,1440.9,1429.2,1423.8,1454.7,1412.7,1448.7,1440,1446.6,1434.3,1411.8,1314,1279.5,1280.7,1289.1,1298.1,1307.4,1305.3,1296,1311.6,1374.3,1368.6,1307.7,1365.6,1289.1,1293.6,1281,1293.6,1301.1,1378.8,1395.9,1390.5,1368.6,1348.5,1374,1368.6,1325.4,1376.7,1377.3,1383.6,1372.5,1400.7,1401,1327.2,1400.4,1422.3,1406.7,1397.7,1413.6
20130301,80010004530,IMPORT_KWH,38,36.4,36,22.4,22.8,21.6,23.6,35.2,67.6,68.8,68,60.8,312.4,456.4,388.4,467.6,436.8,446,424.4,174.8,310.4,434.4,463.6,460.4,501.6,373.6,358.8,138.8,293.6,446.4,488.4,423.6,461.2,396.4,364.4,304.4,28.8,43.6,41.2,41.2,41.2,70,67.6,40.8,40.8,40.8,40.8,40.4
20130301,80010004621,IMPORT_KWH,50.82,48.72,51.18,48.48,52.86,49.68,53.76,52.5,53.34,52.98,53.7,55.02,94.08,161.58,267.72,215.64,231.18,269.1,200.22,300,208.98,318.18,285.3,283.44,216.78,346.08,251.64,340.74,307.2,316.08,307.38,307.14,306.9,295.5,283.86,273.42,216.72,147.78,114.06,118.62,99.84,94.68,57.96,54.48,52.32,49.74,50.88,49.86
20130301,80010004639,IMPORT_KWH,350,344,356,360,356,348,326,344,336,338,346,340,322,356,374,384,388,418,438,440,446,470,448,470,458,502,530,534,492,472,494,486,496,480,452,462,420,394,388,394,394,386,370,362,364,356,352,358
20130301,80010004647,IMPORT_KWH,163.264,161.664,153.088,155.616,154.88,152.192,151.2,152.448,141.856,148.864,137.248,127.488,127.488,129.344,151.968,155.424,154.848,154.912,166.752,168.224,168.288,167.968,169.568,170.048,171.424,172.352,175.648,174.56,175.52,177.152,175.648,176.192,174.08,170.304,170.016,169.248,168.736,167.296,165.888,164.576,166.048,164.288,163.392,162.56,154.24,148.32,150.08,144.416
